{
    "numU":6,
    "r":0.0,
    "T":1.0,
    "S0":100,
    "sigma":0.1994994,
    "C":0.0,
    "G":1.4,
    "M":2.5,
    "Y":0.6,
    "speed":1.5768,
    "v0":0.4396985,
    "adaV":2.882716,
    "rho":-0.5711,
    "k":[100],
    "quantile":0.01
}