{
    "numU":10,
    "r":0.0,
    "S0":100.0,
    "T":1.0,
    "sigma":0.1994994,
    "C":0.0,
    "G":1.0,
    "M":1.0,
    "Y":0.5,
    "speed":1.5768,
    "v0":0.4356985,
    "adaV":2.882716,
    "rho":-0.5711
}