{
    "numU":8,
    "r":0.03,
    "T":1.0,
    "S0":177.09,
    "sigma":0.186763,
    "C":0.00751529,
    "G":3.6103,
    "M":1.01836,
    "Y":0.498929,
    "speed":0.494655,
    "v0":0.95,
    "adaV":0.00110711,
    "rho":-0.303386,
    "k":[60,
        65,
        75,
        80,
        85,
        90,
        95,
        100,
        105,
        110,
        115,
        120,
        125,
        130,
        135,
        140,
        145,
        150,
        155,
        160,
        165,
        170,
        175,
        180,
        185,
        190,
        195,
        200,
        205,
        210,
        215,
        220,
        225,
        230,
        235,
        240,
        245,
        250],
    "quantile":0.01
}