{
    "numU":8,
    "r":0.003,
    "T":1.0,
    "S0":178.46,
    "sigma":0.21457,
    "C":0.186723,
    "G":2.36406,
    "M":6.78766,
    "Y":0.379006,
    "speed":0.0359397,
    "v0":0.769163,
    "adaV":0.000000,
    "rho":0.00,
    "k":[95,100,130,150,160,165,170,175,185,190,195,200,210,240,250],
    "quantile":0.01
}